{
  "polars": {},
  "xarray": {},
  "comparison": {},
  "loading": {
    "initialization": {
      "polars": {
        "time": 1.1920928955078125e-05,
        "memory": 0.0
      },
      "xarray": {
        "time": 1.4169132709503174,
        "memory": 46.77734375
      }
    },
    "listing": {
      "polars": {
        "time": 0.06556057929992676,
        "count": 4
      },
      "xarray": {
        "time": 3.5762786865234375e-05,
        "count": 4
      }
    },
    "info": {
      "polars": {
        "time": 0.0004928112030029297,
        "shape": [
          780,
          495,
          559
        ]
      },
      "xarray": {
        "time": 7.677078247070312e-05,
        "shape": [
          780,
          495,
          559
        ]
      }
    }
  },
  "small_data": {
    "single_slice": {
      "polars": {
        "time": 11.946276903152466,
        "memory": 74.1875,
        "shape": [
          276705,
          3
        ]
      },
      "xarray": {
        "time": 16.364330768585205,
        "memory": 22.7890625,
        "shape": [
          495,
          559
        ]
      }
    },
    "timeseries": {
      "polars": {
        "time": 12.187724590301514,
        "memory": 5.1484375,
        "shape": [
          780,
          2
        ]
      },
      "xarray": {
        "time": 11.51162838935852,
        "memory": -0.07421875,
        "shape": [
          780
        ]
      }
    },
    "spatial_subset": {
      "polars": {
        "time": 13.712637186050415,
        "memory": 13.234375,
        "shape": [
          1950000,
          4
        ]
      },
      "xarray": {
        "time": 9.001900672912598,
        "memory": 19.87890625,
        "shape": [
          780,
          50,
          50
        ]
      }
    }
  },
  "streaming": {
    "medium_dataset": {
      "polars_normal": {
        "time": 7.9061243534088135,
        "memory": 0.2734375
      },
      "polars_streaming": {
        "time": 7.006666660308838,
        "memory": 4.72265625
      },
      "xarray": {
        "time": 6.841397762298584,
        "memory": 0.140625
      },
      "shape": [
        120000,
        4
      ]
    }
  },
  "operations": {
    "mean": {
      "polars": {
        "time": 0.001172780990600586,
        "result": NaN
      },
      "xarray": {
        "time": 0.0006692409515380859,
        "result": NaN
      }
    },
    "filter": {
      "polars": {
        "time": 0.0019273757934570312,
        "count": 60000
      },
      "xarray": {
        "time": 0.00041961669921875,
        "count": 0
      }
    },
    "groupby": {
      "polars": {
        "time": 0.011474609375,
        "groups": 24
      },
      "xarray": {
        "time": 0.0005180835723876953,
        "shape": [
          24
        ]
      }
    },
    "quantiles": {
      "polars": {
        "time": 0.0008792877197265625,
        "values": {
          "q25": NaN,
          "q50": NaN,
          "q75": NaN
        }
      },
      "xarray": {
        "time": 0.0021758079528808594,
        "values": {
          "q25": NaN,
          "q50": NaN,
          "q75": NaN
        }
      }
    }
  },
  "total_benchmark_time": 114.66754579544067
}