{
  "polars": {
    "init_time": 1.8233986338600516e-05,
    "init_error": null,
    "list_time": 0.2950197460013442,
    "list_error": null,
    "info_time": 0.0006208279810380191,
    "info_error": null,
    "small_load_time": 0.13113246602006257,
    "small_load_error": null,
    "small_collect_time": 0.0021968210057821125,
    "small_collect_error": null,
    "small_mean_time": 0.0014074009959585965,
    "small_mean_error": null,
    "small_max_time": 0.00019089499255642295,
    "small_max_error": null,
    "small_filter_time": 0.0005756900063715875,
    "small_filter_error": null,
    "medium_load_time": 0.12448335200315341,
    "medium_load_error": null,
    "medium_collect_time": 6.852598744444549e-05,
    "medium_collect_error": null,
    "medium_mean_time": 0.00016370799858123064,
    "medium_mean_error": null,
    "medium_max_time": 0.0002477240050211549,
    "medium_max_error": null,
    "medium_filter_time": 0.00030812801560387015,
    "medium_filter_error": null,
    "large_load_time": 0.13494129999889992,
    "large_load_error": null,
    "large_collect_time": 8.582798182033002e-05,
    "large_collect_error": null,
    "large_mean_time": 0.00014957800158299506,
    "large_mean_error": null,
    "large_max_time": 0.00021092500537633896,
    "large_max_error": null,
    "large_filter_time": 0.00024058300186879933,
    "large_filter_error": null
  },
  "xarray": {
    "init_time": 0.0012020269932691008,
    "init_error": null,
    "open_time": 0.0005070580227766186,
    "open_error": "Unsupported type for store_like: 'FSMap'"
  }
}